category,currency,year,month,sum
 Charity,EUR,2023,11,3645.54
 Charity,EUR,2023,10,226.54999999999984
 Charity,EUR,2023,9,-954.19
 Charity,EUR,2023,8,-37.35000000000002
 Charity,EUR,2023,7,-2259.36
 Charity,EUR,2023,6,555.11
 Charity,EUR,2023,5,509.65
 Charity,EUR,2023,4,2174.01
 Charity,EUR,2023,3,-1930.7499999999998
 Charity,EUR,2023,2,847.14
 Charity,EUR,2023,1,1560.62
 Charity,EUR,2022,12,1327.67
 Charity,EUR,2022,11,2404.63
 Charity,EUR,2022,10,-3843.9300000000003
 Charity,EUR,2022,9,-173.59
 Charity,EUR,2022,8,2317.5699999999997
 Charity,EUR,2022,7,-810.2
 Charity,EUR,2022,6,1093.6100000000001
 Charity,EUR,2022,5,1212.66
 Charity,EUR,2022,4,2017.17
 Charity,EUR,2022,3,-332.54
 Charity,EUR,2022,2,570.84
 Charity,EUR,2022,1,2242.25
 Charity,EUR,2021,12,-1382.1200000000001
 Charity,EUR,2021,11,825.94
 Charity,EUR,2021,10,2159.65
 Charity,EUR,2021,9,1254.75
 Charity,EUR,2021,8,1315.14
 Charity,EUR,2021,7,1634.88
 Charity,EUR,2021,6,2417.49
 Charity,EUR,2021,5,-502.74
 Charity,EUR,2021,4,394.03999999999996
 Charity,EUR,2021,3,-1352.55
 Charity,EUR,2021,2,-401.99999999999994
 Charity,EUR,2021,1,-1393.1
 Charity,EUR,2020,12,2220.75
 Charity,EUR,2020,11,-341.73
 Charity,EUR,2020,10,-1198.93
 Charity,EUR,2020,9,773.1600000000001
 Charity,EUR,2020,8,858.73
 Charity,EUR,2020,7,1692.27
 Charity,EUR,2020,6,516.55
 Charity,EUR,2020,5,1170.3899999999999
 Charity,EUR,2020,4,-850.24
 Charity,EUR,2020,3,-1557.1
 Charity,EUR,2020,2,-1179.63
 Charity,EUR,2020,1,927.5500000000001
 Charity,EUR,2019,12,-2080.54
 Charity,EUR,2019,11,499.67999999999995
 Charity,EUR,2019,10,481.6
 Charity,EUR,2019,9,1580.1100000000001
 Charity,EUR,2019,8,630.91
 Charity,EUR,2019,7,596.27
 Charity,EUR,2019,6,-2240.08
 Charity,EUR,2019,4,-2146.91
 Charity,EUR,2019,3,-3380.91
 Charity,EUR,2019,2,547.99
 Charity,EUR,2019,1,-29.67
 Charity,GBP,2023,11,-1456.4700000000003
 Charity,GBP,2023,10,3102.61
 Charity,GBP,2023,9,1226.22
 Charity,GBP,2023,8,3548.4799999999996
 Charity,GBP,2023,7,-2051.9300000000003
 Charity,GBP,2023,6,2060.96
 Charity,GBP,2023,5,-2146.24
 Charity,GBP,2023,4,5679.61
 Charity,GBP,2023,3,1025.26
 Charity,GBP,2023,2,-2957.54
 Charity,GBP,2023,1,-193.2
 Charity,GBP,2022,12,578.28
 Charity,GBP,2022,11,-2463.6200000000003
 Charity,GBP,2022,10,-4218.39
 Charity,GBP,2022,9,-2309.5299999999997
 Charity,GBP,2022,8,429.2299999999999
 Charity,GBP,2022,6,-118.71
 Charity,GBP,2022,5,-6694.82
 Charity,GBP,2022,4,1597.1599999999999
 Charity,GBP,2022,3,-251.42000000000007
 Charity,GBP,2022,2,-1610.81
 Charity,GBP,2022,1,-899.96
 Charity,GBP,2021,12,436.8900000000003
 Charity,GBP,2021,11,-1370.17
 Charity,GBP,2021,10,2204.01
 Charity,GBP,2021,9,3529.72
 Charity,GBP,2021,8,4004.8300000000004
 Charity,GBP,2021,7,3230.6499999999996
 Charity,GBP,2021,6,2135.28
 Charity,GBP,2021,5,-3718.7899999999995
 Charity,GBP,2021,4,-1823.84
 Charity,GBP,2021,3,-1296.1
 Charity,GBP,2021,2,944.7299999999999
 Charity,GBP,2021,1,447.5299999999998
 Charity,GBP,2020,12,-501.55000000000035
 Charity,GBP,2020,11,2386.48
 Charity,GBP,2020,10,-4385.4400000000005
 Charity,GBP,2020,9,-857.01
 Charity,GBP,2020,8,4211.46
 Charity,GBP,2020,7,1027.0400000000002
 Charity,GBP,2020,6,2014.9199999999996
 Charity,GBP,2020,5,-2331.2799999999997
 Charity,GBP,2020,4,-1968.9
 Charity,GBP,2020,3,2133.76
 Charity,GBP,2020,2,3240.6399999999994
 Charity,GBP,2020,1,2221.18
 Charity,GBP,2019,12,676.9399999999999
 Charity,GBP,2019,11,-732.04
 Charity,GBP,2019,10,4288.860000000001
 Charity,GBP,2019,9,2582.3999999999996
 Charity,GBP,2019,8,-2225.31
 Charity,GBP,2019,7,1307.25
 Charity,GBP,2019,6,-3392.5199999999995
 Charity,GBP,2019,5,-730.67
 Charity,GBP,2019,3,3809.1499999999996
 Charity,GBP,2019,2,-3743.13
 Charity,GBP,2019,1,2876.2799999999997
 Charity,USD,2023,10,1200.35
 Charity,USD,2023,9,-3739.93
 Charity,USD,2023,8,1023.18
 Charity,USD,2023,7,2726.32
 Charity,USD,2023,6,874.9599999999999
 Charity,USD,2023,5,2284.16
 Charity,USD,2023,4,1763.73
 Charity,USD,2023,3,-2056.86
 Charity,USD,2023,2,3131.09
 Charity,USD,2023,1,-199.29
 Charity,USD,2022,12,2188.57
 Charity,USD,2022,11,1011.83
 Charity,USD,2022,10,-3432.26
 Charity,USD,2022,9,-2298.6899999999996
 Charity,USD,2022,8,1971.07
 Charity,USD,2022,7,761.26
 Charity,USD,2022,6,1311.97
 Charity,USD,2022,5,-874.52
 Charity,USD,2022,4,383.75
 Charity,USD,2022,3,1384.53
 Charity,USD,2022,1,767.08
 Charity,USD,2021,12,1031.9
 Charity,USD,2021,11,-695.9099999999999
 Charity,USD,2021,10,-4219.990000000001
 Charity,USD,2021,9,-1295.21
 Charity,USD,2021,8,-1397.71
 Charity,USD,2021,6,-531.62
 Charity,USD,2021,5,-689.4299999999998
 Charity,USD,2021,4,3306.1
 Charity,USD,2021,3,-811.08
 Charity,USD,2021,2,-1211.94
 Charity,USD,2021,1,549.17
 Charity,USD,2020,12,86.7
 Charity,USD,2020,11,1389.64
 Charity,USD,2020,10,-999.3599999999999
 Charity,USD,2020,9,225.09999999999982
 Charity,USD,2020,8,-139.3
 Charity,USD,2020,7,1238.05
 Charity,USD,2020,6,-55.460000000000036
 Charity,USD,2020,5,-213.40000000000003
 Charity,USD,2020,4,3189.83
 Charity,USD,2020,2,-1430.83
 Charity,USD,2020,1,-3101.55
 Charity,USD,2019,12,-582.85
 Charity,USD,2019,11,-656.72
 Charity,USD,2019,10,2012.7400000000002
 Charity,USD,2019,9,-490.37
 Charity,USD,2019,8,1779.69
 Charity,USD,2019,7,2155.81
 Charity,USD,2019,6,2740.95
 Charity,USD,2019,5,-3629.7
 Charity,USD,2019,4,822.35
 Charity,USD,2019,3,-3154.5299999999997
 Charity,USD,2019,2,-1351.64
 Charity,USD,2019,1,580.7599999999998
 Eating Out,EUR,2023,11,-356.1199999999999
 Eating Out,EUR,2023,10,1619.35
 Eating Out,EUR,2023,9,-2045.3200000000002
 Eating Out,EUR,2023,8,2996.9300000000003
 Eating Out,EUR,2023,6,1906.2600000000002
 Eating Out,EUR,2023,5,-243.4
 Eating Out,EUR,2023,4,936.97
 Eating Out,EUR,2023,3,1598.53
 Eating Out,EUR,2023,2,-1995.1200000000001
 Eating Out,EUR,2023,1,264.9
 Eating Out,EUR,2022,12,-729.31
 Eating Out,EUR,2022,11,-1272.92
 Eating Out,EUR,2022,10,235.4
 Eating Out,EUR,2022,9,3235.6500000000005
 Eating Out,EUR,2022,8,63.43999999999994
 Eating Out,EUR,2022,7,1718.9
 Eating Out,EUR,2022,6,41.61
 Eating Out,EUR,2022,4,186.98000000000002
 Eating Out,EUR,2022,3,269.86
 Eating Out,EUR,2022,2,-1155.13
 Eating Out,EUR,2021,12,437.47
 Eating Out,EUR,2021,11,-292.84
 Eating Out,EUR,2021,10,-1441.33
 Eating Out,EUR,2021,9,-1012.54
 Eating Out,EUR,2021,8,1540.84
 Eating Out,EUR,2021,7,163.18999999999994
 Eating Out,EUR,2021,6,648.33
 Eating Out,EUR,2021,5,1036.3000000000002
 Eating Out,EUR,2021,3,-2340.59
 Eating Out,EUR,2021,2,-1304.6
 Eating Out,EUR,2021,1,1976.2499999999998
 Eating Out,EUR,2020,12,566.3199999999999
 Eating Out,EUR,2020,11,413.23
 Eating Out,EUR,2020,10,3731.6800000000003
 Eating Out,EUR,2020,9,3063.96
 Eating Out,EUR,2020,8,811.1700000000003
 Eating Out,EUR,2020,7,-520.61
 Eating Out,EUR,2020,6,-1268.31
 Eating Out,EUR,2020,5,2663.02
 Eating Out,EUR,2020,4,-1183.38
 Eating Out,EUR,2020,3,-1680.9699999999998
 Eating Out,EUR,2020,2,3061.89
 Eating Out,EUR,2020,1,3965.0000000000005
 Eating Out,EUR,2019,12,-4570.89
 Eating Out,EUR,2019,11,-459.3299999999999
 Eating Out,EUR,2019,10,-417.67
 Eating Out,EUR,2019,9,-3673.88
 Eating Out,EUR,2019,8,-1337.08
 Eating Out,EUR,2019,7,1244.75
 Eating Out,EUR,2019,5,1137.92
 Eating Out,EUR,2019,4,735.97
 Eating Out,EUR,2019,3,-2386.91
 Eating Out,EUR,2019,2,215.92999999999995
 Eating Out,GBP,2023,11,-339.31
 Eating Out,GBP,2023,10,2254.19
 Eating Out,GBP,2023,9,-2471.1400000000003
 Eating Out,GBP,2023,8,979.6
 Eating Out,GBP,2023,7,219.63999999999996
 Eating Out,GBP,2023,6,392.6
 Eating Out,GBP,2023,5,-104.60000000000014
 Eating Out,GBP,2023,4,-2391.5699999999997
 Eating Out,GBP,2023,3,3422.12
 Eating Out,GBP,2023,2,-1898.6
 Eating Out,GBP,2023,1,1228.82
 Eating Out,GBP,2022,12,1647.2600000000002
 Eating Out,GBP,2022,11,3716.370000000001
 Eating Out,GBP,2022,10,818.9200000000001
 Eating Out,GBP,2022,9,-3459.94
 Eating Out,GBP,2022,8,379.16
 Eating Out,GBP,2022,7,-256.22
 Eating Out,GBP,2022,6,-3433.41
 Eating Out,GBP,2022,5,-2400.67
 Eating Out,GBP,2022,4,-871.73
 Eating Out,GBP,2022,3,-669.7999999999997
 Eating Out,GBP,2022,2,-285.5
 Eating Out,GBP,2022,1,620.6300000000001
 Eating Out,GBP,2021,12,3793.23
 Eating Out,GBP,2021,11,775.52
 Eating Out,GBP,2021,10,1536.27
 Eating Out,GBP,2021,9,312.78
 Eating Out,GBP,2021,8,-940.0799999999999
 Eating Out,GBP,2021,7,-1094.69
 Eating Out,GBP,2021,6,-677.73
 Eating Out,GBP,2021,5,774.23
 Eating Out,GBP,2021,4,-2421.31
 Eating Out,GBP,2021,3,-99.20000000000005
 Eating Out,GBP,2021,2,-1351.29
 Eating Out,GBP,2021,1,1314.1399999999999
 Eating Out,GBP,2020,12,-895.2600000000001
 Eating Out,GBP,2020,11,43.799999999999955
 Eating Out,GBP,2020,10,-1660.99
 Eating Out,GBP,2020,9,1028.01
 Eating Out,GBP,2020,8,-2774.41
 Eating Out,GBP,2020,7,2443.2200000000003
 Eating Out,GBP,2020,6,-974.8300000000002
 Eating Out,GBP,2020,5,-922.0000000000001
 Eating Out,GBP,2020,4,-1051.3799999999999
 Eating Out,GBP,2020,3,-203.88999999999987
 Eating Out,GBP,2020,2,-1164.5800000000004
 Eating Out,GBP,2020,1,38.26000000000022
 Eating Out,GBP,2019,12,-2759.75
 Eating Out,GBP,2019,11,906.5
 Eating Out,GBP,2019,10,1598.01
 Eating Out,GBP,2019,9,2186.57
 Eating Out,GBP,2019,8,2027.83
 Eating Out,GBP,2019,7,-2140.46
 Eating Out,GBP,2019,6,-182.29999999999995
 Eating Out,GBP,2019,5,-828.68
 Eating Out,GBP,2019,4,1238.43
 Eating Out,GBP,2019,3,1630.4400000000003
 Eating Out,GBP,2019,2,-682.3399999999999
 Eating Out,GBP,2019,1,633.4
 Eating Out,USD,2023,11,-998.12
 Eating Out,USD,2023,10,1753.85
 Eating Out,USD,2023,8,1199.35
 Eating Out,USD,2023,7,-149.29
 Eating Out,USD,2023,6,2705.4900000000002
 Eating Out,USD,2023,5,1246.01
 Eating Out,USD,2023,4,999.57
 Eating Out,USD,2023,3,-583.62
 Eating Out,USD,2023,2,-2979.62
 Eating Out,USD,2023,1,-498.94000000000005
 Eating Out,USD,2022,12,536.27
 Eating Out,USD,2022,11,-1174.64
 Eating Out,USD,2022,10,-285.87
 Eating Out,USD,2022,8,-121.30000000000001
 Eating Out,USD,2022,5,465.3199999999997
 Eating Out,USD,2022,4,-971.03
 Eating Out,USD,2022,2,-42.389999999999986
 Eating Out,USD,2022,1,287.94
 Eating Out,USD,2021,12,714.39
 Eating Out,USD,2021,11,-1206.02
 Eating Out,USD,2021,10,-795.4
 Eating Out,USD,2021,8,-4064.09
 Eating Out,USD,2021,7,-57.559999999999974
 Eating Out,USD,2021,6,-745.4399999999998
 Eating Out,USD,2021,4,734.17
 Eating Out,USD,2021,3,2279.99
 Eating Out,USD,2021,2,-428.6
 Eating Out,USD,2021,1,-1270.35
 Eating Out,USD,2020,12,287.72000000000014
 Eating Out,USD,2020,11,398.68
 Eating Out,USD,2020,10,1600.9699999999998
 Eating Out,USD,2020,9,1449.27
 Eating Out,USD,2020,8,78.2
 Eating Out,USD,2020,6,-884.4
 Eating Out,USD,2020,5,2791.74
 Eating Out,USD,2020,3,1375.66
 Eating Out,USD,2020,2,179.49999999999977
 Eating Out,USD,2020,1,3013.95
 Eating Out,USD,2019,12,-1488.56
 Eating Out,USD,2019,11,1620.43
 Eating Out,USD,2019,10,-365.24
 Eating Out,USD,2019,9,2331.99
 Eating Out,USD,2019,8,-174.3
 Eating Out,USD,2019,7,1188.78
 Eating Out,USD,2019,6,690.8200000000002
 Eating Out,USD,2019,5,-989.54
 Eating Out,USD,2019,4,-903.45
 Eating Out,USD,2019,3,-1084.56
 Entertainment,EUR,2023,11,-4108.34
 Entertainment,EUR,2023,10,-1237.3400000000001
 Entertainment,EUR,2023,9,-810.74
 Entertainment,EUR,2023,8,-289.29
 Entertainment,EUR,2023,7,3552.75
 Entertainment,EUR,2023,6,229.31999999999994
 Entertainment,EUR,2023,5,849.7
 Entertainment,EUR,2023,4,2083.09
 Entertainment,EUR,2023,3,2774.38
 Entertainment,EUR,2023,2,-15.629999999999882
 Entertainment,EUR,2023,1,-1039.62
 Entertainment,EUR,2022,11,39.65999999999997
 Entertainment,EUR,2022,10,-1233.8600000000001
 Entertainment,EUR,2022,9,-2867.7
 Entertainment,EUR,2022,8,-3518.3599999999997
 Entertainment,EUR,2022,7,33.510000000000005
 Entertainment,EUR,2022,6,-1088.27
 Entertainment,EUR,2022,3,1824.7400000000002
 Entertainment,EUR,2022,2,-1170.49
 Entertainment,EUR,2022,1,-1662.82
 Entertainment,EUR,2021,12,-1495.8600000000001
 Entertainment,EUR,2021,11,-1393.6799999999998
 Entertainment,EUR,2021,10,-2596.68
 Entertainment,EUR,2021,9,-951.1500000000001
 Entertainment,EUR,2021,8,555.56
 Entertainment,EUR,2021,7,191.54999999999995
 Entertainment,EUR,2021,6,2167.7200000000003
 Entertainment,EUR,2021,5,-721.02
 Entertainment,EUR,2021,3,-1949.75
 Entertainment,EUR,2021,2,2185.67
 Entertainment,EUR,2021,1,2526.0699999999997
 Entertainment,EUR,2020,12,-587.51
 Entertainment,EUR,2020,11,234.60000000000002
 Entertainment,EUR,2020,10,1883.83
 Entertainment,EUR,2020,9,75.78000000000003
 Entertainment,EUR,2020,7,3.2900000000000773
 Entertainment,EUR,2020,5,-1748.15
 Entertainment,EUR,2020,4,229.05
 Entertainment,EUR,2020,3,-276.07000000000005
 Entertainment,EUR,2020,2,-1886.27
 Entertainment,EUR,2020,1,664.6099999999999
 Entertainment,EUR,2019,12,-428.4699999999999
 Entertainment,EUR,2019,11,-65.36000000000001
 Entertainment,EUR,2019,10,1517.3899999999996
 Entertainment,EUR,2019,9,1117.27
 Entertainment,EUR,2019,8,2210.15
 Entertainment,EUR,2019,7,-1500.9099999999999
 Entertainment,EUR,2019,6,1543.31
 Entertainment,EUR,2019,5,-246.55000000000007
 Entertainment,EUR,2019,4,1285.06
 Entertainment,EUR,2019,3,-455.75
 Entertainment,EUR,2019,1,1312.55
 Entertainment,GBP,2023,11,-1963.4199999999998
 Entertainment,GBP,2023,10,-772.74
 Entertainment,GBP,2023,9,-3630.65
 Entertainment,GBP,2023,8,1929.3500000000001
 Entertainment,GBP,2023,7,-2700.58
 Entertainment,GBP,2023,6,-1972.58
 Entertainment,GBP,2023,5,-451.3900000000001
 Entertainment,GBP,2023,4,668.8
 Entertainment,GBP,2023,3,2180.0699999999997
 Entertainment,GBP,2023,2,419.1400000000001
 Entertainment,GBP,2023,1,1568.21
 Entertainment,GBP,2022,12,-365.86
 Entertainment,GBP,2022,11,-1858.7199999999998
 Entertainment,GBP,2022,10,-172.8100000000003
 Entertainment,GBP,2022,9,-93.75999999999999
 Entertainment,GBP,2022,8,1026.1399999999999
 Entertainment,GBP,2022,7,-300.54
 Entertainment,GBP,2022,6,2500.81
 Entertainment,GBP,2022,5,-2669.78
 Entertainment,GBP,2022,4,769.4699999999998
 Entertainment,GBP,2022,3,-2986.05
 Entertainment,GBP,2022,2,2233.1400000000003
 Entertainment,GBP,2022,1,-78.77000000000004
 Entertainment,GBP,2021,12,-930.9099999999999
 Entertainment,GBP,2021,11,1040.56
 Entertainment,GBP,2021,10,3701.7499999999995
 Entertainment,GBP,2021,9,69.60000000000001
 Entertainment,GBP,2021,8,-3215.2
 Entertainment,GBP,2021,7,-4632.44
 Entertainment,GBP,2021,6,1637.2500000000002
 Entertainment,GBP,2021,5,-859.29
 Entertainment,GBP,2021,4,2498.88
 Entertainment,GBP,2021,3,1482.04
 Entertainment,GBP,2021,2,3520.74
 Entertainment,GBP,2021,1,2014.7600000000002
 Entertainment,GBP,2020,12,69.88999999999999
 Entertainment,GBP,2020,11,-1230.17
 Entertainment,GBP,2020,10,1089.6299999999999
 Entertainment,GBP,2020,9,-341.1
 Entertainment,GBP,2020,8,-608.8199999999999
 Entertainment,GBP,2020,7,107.38000000000005
 Entertainment,GBP,2020,6,39.460000000000036
 Entertainment,GBP,2020,5,2916.8500000000004
 Entertainment,GBP,2020,4,-514.6700000000001
 Entertainment,GBP,2020,3,1964.8
 Entertainment,GBP,2020,2,1633.1800000000003
 Entertainment,GBP,2020,1,2484.0299999999997
 Entertainment,GBP,2019,12,-1405.07
 Entertainment,GBP,2019,11,2606.6
 Entertainment,GBP,2019,10,1200.8
 Entertainment,GBP,2019,9,-722.8599999999999
 Entertainment,GBP,2019,8,862.1300000000001
 Entertainment,GBP,2019,7,-1755.3999999999999
 Entertainment,GBP,2019,6,7613.379999999998
 Entertainment,GBP,2019,5,-2411.44
 Entertainment,GBP,2019,4,3619.33
 Entertainment,GBP,2019,3,-356.2800000000001
 Entertainment,GBP,2019,2,2056.46
 Entertainment,GBP,2019,1,668.9499999999998
 Entertainment,USD,2023,11,-348.79
 Entertainment,USD,2023,9,49.52
 Entertainment,USD,2023,7,857.5900000000001
 Entertainment,USD,2023,6,2093.98
 Entertainment,USD,2023,5,2797.42
 Entertainment,USD,2023,3,1118.76
 Entertainment,USD,2023,1,-499.55
 Entertainment,USD,2022,12,1382.8200000000002
 Entertainment,USD,2022,10,-290.78
 Entertainment,USD,2022,9,583.73
 Entertainment,USD,2022,8,1410.1
 Entertainment,USD,2022,7,414.8400000000001
 Entertainment,USD,2022,6,-27.079999999999984
 Entertainment,USD,2022,5,209.6099999999999
 Entertainment,USD,2022,4,4315.85
 Entertainment,USD,2022,2,706.97
 Entertainment,USD,2021,12,1392.47
 Entertainment,USD,2021,11,1406.27
 Entertainment,USD,2021,10,3029.7200000000003
 Entertainment,USD,2021,9,83.1
 Entertainment,USD,2021,8,2035.24
 Entertainment,USD,2021,4,816.35
 Entertainment,USD,2021,3,802.74
 Entertainment,USD,2021,2,-741.91
 Entertainment,USD,2021,1,1394.2
 Entertainment,USD,2020,11,2097.52
 Entertainment,USD,2020,10,-761.1
 Entertainment,USD,2020,9,1375.61
 Entertainment,USD,2020,8,-2025.5100000000002
 Entertainment,USD,2020,7,730.2799999999999
 Entertainment,USD,2020,6,-641.68
 Entertainment,USD,2020,5,-394.19000000000005
 Entertainment,USD,2020,4,1507.12
 Entertainment,USD,2020,3,-793.04
 Entertainment,USD,2020,1,-710.69
 Entertainment,USD,2019,12,1564.6899999999998
 Entertainment,USD,2019,10,-1196.81
 Entertainment,USD,2019,9,326.68
 Entertainment,USD,2019,8,-2391.99
 Entertainment,USD,2019,7,1575.54
 Entertainment,USD,2019,6,5601.959999999999
 Entertainment,USD,2019,5,-705.4699999999999
 Entertainment,USD,2019,4,767.47
 Entertainment,USD,2019,3,-681.31
 Entertainment,USD,2019,2,2099.78
 Entertainment,USD,2019,1,-1103.25
 Finances,EUR,2023,11,2959.2
 Finances,EUR,2023,10,-2027.21
 Finances,EUR,2023,8,-2980.16
 Finances,EUR,2023,7,-1295.1799999999998
 Finances,EUR,2023,6,1352.1100000000001
 Finances,EUR,2023,5,-696.4499999999998
 Finances,EUR,2023,4,-1586.92
 Finances,EUR,2023,3,851.89
 Finances,EUR,2023,2,-1579.7399999999998
 Finances,EUR,2023,1,-4745.17
 Finances,EUR,2022,12,-2217.1400000000003
 Finances,EUR,2022,11,-1065.5900000000001
 Finances,EUR,2022,10,-439.12000000000023
 Finances,EUR,2022,9,-1037.04
 Finances,EUR,2022,8,1094.45
 Finances,EUR,2022,7,1862.3299999999997
 Finances,EUR,2022,6,1541.19
 Finances,EUR,2022,5,249.31000000000006
 Finances,EUR,2022,4,2004.4499999999998
 Finances,EUR,2022,3,118.70000000000002
 Finances,EUR,2022,2,-692.0899999999999
 Finances,EUR,2022,1,599.17
 Finances,EUR,2021,11,-1363.7999999999997
 Finances,EUR,2021,10,-266.54
 Finances,EUR,2021,9,-4240.030000000001
 Finances,EUR,2021,8,-206.65000000000003
 Finances,EUR,2021,7,-2110.47
 Finances,EUR,2021,6,-1946.69
 Finances,EUR,2021,5,-2471.83
 Finances,EUR,2021,4,1066.79
 Finances,EUR,2021,3,-73.36000000000001
 Finances,EUR,2021,2,1851.4499999999998
 Finances,EUR,2021,1,2520.0299999999997
 Finances,EUR,2020,12,-2616.81
 Finances,EUR,2020,11,-3122.2300000000005
 Finances,EUR,2020,10,-763.8600000000001
 Finances,EUR,2020,9,-1205.8400000000001
 Finances,EUR,2020,8,-4143.710000000001
 Finances,EUR,2020,7,-5493.0199999999995
 Finances,EUR,2020,6,-1187.24
 Finances,EUR,2020,5,1348.52
 Finances,EUR,2020,3,-378.11
 Finances,EUR,2020,2,-2264.84
 Finances,EUR,2020,1,-927.86
 Finances,EUR,2019,12,-734.49
 Finances,EUR,2019,11,1742.75
 Finances,EUR,2019,10,1704.1899999999998
 Finances,EUR,2019,9,-57.46
 Finances,EUR,2019,8,-925.3600000000001
 Finances,EUR,2019,7,994.97
 Finances,EUR,2019,6,-2024.25
 Finances,EUR,2019,5,-314.91999999999996
 Finances,EUR,2019,4,1204.0399999999997
 Finances,EUR,2019,3,-2006.42
 Finances,EUR,2019,2,-142.69999999999993
 Finances,EUR,2019,1,-804.52
 Finances,GBP,2023,11,-1054.7800000000002
 Finances,GBP,2023,10,2579.05
 Finances,GBP,2023,9,1047.4399999999998
 Finances,GBP,2023,8,-6512.9400000000005
 Finances,GBP,2023,7,-430.49
 Finances,GBP,2023,6,4269.01
 Finances,GBP,2023,5,2396.64
 Finances,GBP,2023,4,-40.940000000000055
 Finances,GBP,2023,3,-287.21000000000004
 Finances,GBP,2023,2,2028.1899999999996
 Finances,GBP,2023,1,-5417.200000000001
 Finances,GBP,2022,12,-1025.8200000000002
 Finances,GBP,2022,11,-950.9399999999996
 Finances,GBP,2022,10,-4147.130000000001
 Finances,GBP,2022,9,-8099.080000000001
 Finances,GBP,2022,8,1777.17
 Finances,GBP,2022,7,-2612.29
 Finances,GBP,2022,6,-2161.1899999999996
 Finances,GBP,2022,5,1886.63
 Finances,GBP,2022,4,4873.570000000001
 Finances,GBP,2022,3,-22.18000000000029
 Finances,GBP,2022,2,-3971.3900000000003
 Finances,GBP,2022,1,1563.6899999999998
 Finances,GBP,2021,12,-702.8800000000001
 Finances,GBP,2021,11,-1070.8700000000001
 Finances,GBP,2021,10,4930.46
 Finances,GBP,2021,9,688.3299999999999
 Finances,GBP,2021,8,-3689.06
 Finances,GBP,2021,7,1141.8200000000004
 Finances,GBP,2021,6,-48.08000000000007
 Finances,GBP,2021,5,-6.050000000000182
 Finances,GBP,2021,4,1366.21
 Finances,GBP,2021,3,-1374.6200000000001
 Finances,GBP,2021,2,2498.0
 Finances,GBP,2021,1,3524.55
 Finances,GBP,2020,12,2453.1499999999996
 Finances,GBP,2020,11,-6611.89
 Finances,GBP,2020,10,1986.74
 Finances,GBP,2020,9,-2115.17
 Finances,GBP,2020,8,-2368.5299999999997
 Finances,GBP,2020,7,-2833.9800000000005
 Finances,GBP,2020,6,917.76
 Finances,GBP,2020,5,775.1899999999999
 Finances,GBP,2020,4,-705.2200000000001
 Finances,GBP,2020,3,-3161.13
 Finances,GBP,2020,2,-1487.94
 Finances,GBP,2020,1,-268.42999999999995
 Finances,GBP,2019,12,53.179999999999836
 Finances,GBP,2019,11,-4474.04
 Finances,GBP,2019,10,982.03
 Finances,GBP,2019,9,-2245.9900000000007
 Finances,GBP,2019,8,1227.7399999999998
 Finances,GBP,2019,7,1704.9999999999995
 Finances,GBP,2019,6,435.1099999999999
 Finances,GBP,2019,5,-781.1000000000001
 Finances,GBP,2019,4,-1695.48
 Finances,GBP,2019,3,-74.78999999999996
 Finances,GBP,2019,2,-3140.74
 Finances,GBP,2019,1,-334.5799999999999
 Finances,USD,2023,11,483.58
 Finances,USD,2023,9,709.03
 Finances,USD,2023,8,-220.9699999999997
 Finances,USD,2023,7,828.91
 Finances,USD,2023,6,-1859.1100000000001
 Finances,USD,2023,4,560.9599999999999
 Finances,USD,2023,3,738.8899999999999
 Finances,USD,2023,2,532.63
 Finances,USD,2023,1,-136.58
 Finances,USD,2022,12,-1196.39
 Finances,USD,2022,11,-1203.4199999999998
 Finances,USD,2022,10,-1687.22
 Finances,USD,2022,9,206.68
 Finances,USD,2022,8,-3638.63
 Finances,USD,2022,7,781.6999999999998
 Finances,USD,2022,6,219.29999999999995
 Finances,USD,2022,5,-377.4
 Finances,USD,2022,4,689.3700000000001
 Finances,USD,2022,3,-29.149999999999864
 Finances,USD,2022,2,-2112.7600000000007
 Finances,USD,2022,1,2219.7599999999998
 Finances,USD,2021,12,-22.980000000000018
 Finances,USD,2021,11,1136.12
 Finances,USD,2021,10,-1799.22
 Finances,USD,2021,9,-2174.24
 Finances,USD,2021,8,-5061.67
 Finances,USD,2021,6,1194.5900000000001
 Finances,USD,2021,5,-2985.6400000000003
 Finances,USD,2021,3,253.38
 Finances,USD,2021,2,-1548.85
 Finances,USD,2021,1,1189.65
 Finances,USD,2020,12,-574.44
 Finances,USD,2020,11,-102.68999999999971
 Finances,USD,2020,10,922.26
 Finances,USD,2020,9,408.39
 Finances,USD,2020,8,1490.9900000000002
 Finances,USD,2020,7,-1060.94
 Finances,USD,2020,6,1961.9
 Finances,USD,2020,5,-96.77000000000007
 Finances,USD,2020,4,557.0299999999999
 Finances,USD,2020,3,1918.71
 Finances,USD,2020,2,-1574.29
 Finances,USD,2019,12,836.64
 Finances,USD,2019,11,3597.71
 Finances,USD,2019,10,426.73
 Finances,USD,2019,9,-60.18999999999983
 Finances,USD,2019,8,-3267.76
 Finances,USD,2019,7,-102.82000000000005
 Finances,USD,2019,6,1133.2399999999998
 Finances,USD,2019,5,-8839.35
 Finances,USD,2019,4,-1216.21
 Finances,USD,2019,3,-1002.6800000000001
 Finances,USD,2019,1,576.01
 General,EUR,2023,11,-884.57
 General,EUR,2023,10,-1225.52
 General,EUR,2023,9,-111.60000000000002
 General,EUR,2023,8,-2237.21
 General,EUR,2023,7,-3047.66
 General,EUR,2023,6,83.97
 General,EUR,2023,5,80.29999999999995
 General,EUR,2023,4,-833.4300000000001
 General,EUR,2023,3,724.8
 General,EUR,2023,2,1250.96
 General,EUR,2023,1,-871.23
 General,EUR,2022,12,-235.48000000000008
 General,EUR,2022,11,1003.6199999999999
 General,EUR,2022,10,-476.59000000000015
 General,EUR,2022,9,256.25000000000045
 General,EUR,2022,8,2066.37
 General,EUR,2022,7,2720.28
 General,EUR,2022,6,-299.21000000000004
 General,EUR,2022,5,1400.03
 General,EUR,2022,4,528.9900000000001
 General,EUR,2022,3,1244.0
 General,EUR,2022,2,-1008.8100000000005
 General,EUR,2022,1,-1928.0499999999997
 General,EUR,2021,12,58.44
 General,EUR,2021,11,1856.4
 General,EUR,2021,10,-1309.2899999999997
 General,EUR,2021,9,-1848.04
 General,EUR,2021,8,1060.5
 General,EUR,2021,7,388.15000000000003
 General,EUR,2021,6,-532.81
 General,EUR,2021,5,1699.57
 General,EUR,2021,3,2468.44
 General,EUR,2021,2,817.0100000000001
 General,EUR,2021,1,-339.78999999999996
 General,EUR,2020,12,223.52
 General,EUR,2020,11,3406.6000000000004
 General,EUR,2020,9,3643.04
 General,EUR,2020,8,413.68
 General,EUR,2020,7,1268.1899999999998
 General,EUR,2020,6,1175.9799999999998
 General,EUR,2020,5,-1745.72
 General,EUR,2020,4,5821.11
 General,EUR,2020,3,3195.44
 General,EUR,2020,2,-581.1
 General,EUR,2020,1,-2738.96
 General,EUR,2019,12,-535.0799999999999
 General,EUR,2019,11,45.180000000000064
 General,EUR,2019,10,-411.89
 General,EUR,2019,9,-870.3
 General,EUR,2019,8,1867.98
 General,EUR,2019,7,2125.95
 General,EUR,2019,6,1492.1999999999996
 General,EUR,2019,5,-2957.74
 General,EUR,2019,4,-292.7099999999999
 General,EUR,2019,3,-905.06
 General,EUR,2019,2,1163.2100000000003
 General,EUR,2019,1,802.34
 General,GBP,2023,11,-1104.0200000000002
 General,GBP,2023,10,-1442.2800000000002
 General,GBP,2023,9,60.0799999999997
 General,GBP,2023,8,-2561.93
 General,GBP,2023,7,1847.75
 General,GBP,2023,6,-2460.0200000000004
 General,GBP,2023,5,2196.0299999999997
 General,GBP,2023,4,1191.5500000000002
 General,GBP,2023,3,-2056.7599999999998
 General,GBP,2023,2,732.8399999999997
 General,GBP,2023,1,-1994.58
 General,GBP,2022,12,2657.37
 General,GBP,2022,11,-154.05000000000007
 General,GBP,2022,10,-77.30999999999995
 General,GBP,2022,9,-1255.69
 General,GBP,2022,8,-1069.4199999999998
 General,GBP,2022,7,4334.449999999999
 General,GBP,2022,6,1641.37
 General,GBP,2022,5,1640.8799999999999
 General,GBP,2022,4,-1604.67
 General,GBP,2022,3,131.24
 General,GBP,2022,2,-351.80000000000007
 General,GBP,2022,1,382.6600000000001
 General,GBP,2021,12,3081.399999999999
 General,GBP,2021,11,2224.1000000000004
 General,GBP,2021,10,4149.7699999999995
 General,GBP,2021,9,-1587.65
 General,GBP,2021,8,927.5299999999999
 General,GBP,2021,7,337.61999999999995
 General,GBP,2021,6,1850.54
 General,GBP,2021,5,-624.01
 General,GBP,2021,4,-5567.070000000001
 General,GBP,2021,3,1843.2799999999997
 General,GBP,2021,2,3113.4500000000003
 General,GBP,2021,1,-2154.4
 General,GBP,2020,12,-2577.45
 General,GBP,2020,11,-2190.8
 General,GBP,2020,10,3259.7999999999997
 General,GBP,2020,9,1466.75
 General,GBP,2020,8,854.3399999999999
 General,GBP,2020,7,-693.5099999999998
 General,GBP,2020,6,-4196.89
 General,GBP,2020,5,-6770.169999999999
 General,GBP,2020,4,-2855.59
 General,GBP,2020,3,-1099.6600000000003
 General,GBP,2020,2,2518.92
 General,GBP,2020,1,1378.86
 General,GBP,2019,12,341.29999999999995
 General,GBP,2019,11,1027.09
 General,GBP,2019,10,-3862.1600000000003
 General,GBP,2019,9,-2311.4000000000005
 General,GBP,2019,8,-2397.94
 General,GBP,2019,7,-712.75
 General,GBP,2019,6,-2283.0299999999997
 General,GBP,2019,5,-1104.49
 General,GBP,2019,4,-1566.1200000000001
 General,GBP,2019,3,-3143.43
 General,GBP,2019,2,-2665.6000000000004
 General,GBP,2019,1,3574.05
 General,USD,2023,11,3310.0499999999997
 General,USD,2023,10,2077.29
 General,USD,2023,9,-1223.13
 General,USD,2023,8,-194.89999999999998
 General,USD,2023,7,-785.71
 General,USD,2023,6,843.1
 General,USD,2023,5,3361.24
 General,USD,2023,4,-3131.8
 General,USD,2023,3,2807.26
 General,USD,2023,2,-1784.97
 General,USD,2023,1,877.96
 General,USD,2022,12,955.8
 General,USD,2022,11,-1170.6999999999998
 General,USD,2022,10,15.189999999999998
 General,USD,2022,9,2290.0
 General,USD,2022,8,5487.75
 General,USD,2022,7,207.35000000000002
 General,USD,2022,6,1198.61
 General,USD,2022,5,747.36
 General,USD,2022,4,-1142.91
 General,USD,2022,3,37.53
 General,USD,2022,2,1544.7800000000002
 General,USD,2022,1,2224.14
 General,USD,2021,12,-1835.96
 General,USD,2021,11,933.3900000000001
 General,USD,2021,9,-1061.31
 General,USD,2021,8,796.9999999999999
 General,USD,2021,7,609.1100000000001
 General,USD,2021,6,25.77
 General,USD,2021,5,-923.3899999999999
 General,USD,2021,4,-818.52
 General,USD,2021,3,-3815.62
 General,USD,2021,2,142.3
 General,USD,2021,1,1005.9300000000001
 General,USD,2020,12,-198.56
 General,USD,2020,11,520.82
 General,USD,2020,10,820.4300000000001
 General,USD,2020,9,1921.16
 General,USD,2020,8,-346.45000000000005
 General,USD,2020,7,-1634.6699999999998
 General,USD,2020,6,-236.11
 General,USD,2020,5,-2121.06
 General,USD,2020,4,-21.289999999999964
 General,USD,2020,3,-182.58999999999992
 General,USD,2020,2,450.56999999999994
 General,USD,2020,1,-1927.29
 General,USD,2019,12,-195.99
 General,USD,2019,11,725.85
 General,USD,2019,10,220.34000000000015
 General,USD,2019,9,-2897.22
 General,USD,2019,8,-738.55
 General,USD,2019,7,2648.51
 General,USD,2019,6,852.53
 General,USD,2019,5,-463.9799999999998
 General,USD,2019,4,-1173.56
 General,USD,2019,3,539.84
 General,USD,2019,2,-1273.27
 General,USD,2019,1,1702.47
 Groceries,EUR,2023,11,-1292.33
 Groceries,EUR,2023,9,1048.54
 Groceries,EUR,2023,8,-248.60000000000002
 Groceries,EUR,2023,7,1351.25
 Groceries,EUR,2023,6,3280.29
 Groceries,EUR,2023,5,1415.87
 Groceries,EUR,2023,4,-692.7
 Groceries,EUR,2023,3,762.9300000000001
 Groceries,EUR,2023,2,124.66000000000001
 Groceries,EUR,2023,1,2006.94
 Groceries,EUR,2022,12,-907.8699999999999
 Groceries,EUR,2022,11,-655.6500000000001
 Groceries,EUR,2022,10,-3006.28
 Groceries,EUR,2022,9,234.55
 Groceries,EUR,2022,8,152.86
 Groceries,EUR,2022,7,-3485.4700000000003
 Groceries,EUR,2022,6,594.84
 Groceries,EUR,2022,5,463.51
 Groceries,EUR,2022,4,-1913.42
 Groceries,EUR,2022,2,1101.97
 Groceries,EUR,2022,1,2890.56
 Groceries,EUR,2021,12,422.96
 Groceries,EUR,2021,11,-1753.56
 Groceries,EUR,2021,10,1040.88
 Groceries,EUR,2021,9,935.88
 Groceries,EUR,2021,8,-1528.58
 Groceries,EUR,2021,7,-220.70000000000005
 Groceries,EUR,2021,5,1330.8
 Groceries,EUR,2021,4,413.92999999999995
 Groceries,EUR,2021,3,-1386.22
 Groceries,EUR,2021,2,-1294.73
 Groceries,EUR,2021,1,-3053.3599999999997
 Groceries,EUR,2020,12,25.160000000000025
 Groceries,EUR,2020,11,1869.0
 Groceries,EUR,2020,10,106.28999999999996
 Groceries,EUR,2020,9,2328.29
 Groceries,EUR,2020,8,-315.45
 Groceries,EUR,2020,7,-1234.73
 Groceries,EUR,2020,6,1209.3
 Groceries,EUR,2020,5,388.98
 Groceries,EUR,2020,4,-2438.0699999999997
 Groceries,EUR,2020,3,338.13999999999993
 Groceries,EUR,2020,2,-3021.21
 Groceries,EUR,2020,1,1613.46
 Groceries,EUR,2019,12,897.0
 Groceries,EUR,2019,11,489.2
 Groceries,EUR,2019,10,-1715.92
 Groceries,EUR,2019,9,1018.56
 Groceries,EUR,2019,8,-1592.6999999999998
 Groceries,EUR,2019,7,753.04
 Groceries,EUR,2019,5,228.81
 Groceries,EUR,2019,4,-4712.64
 Groceries,EUR,2019,3,-652.29
 Groceries,EUR,2019,2,843.61
 Groceries,EUR,2019,1,360.60000000000014
 Groceries,GBP,2023,11,337.2399999999998
 Groceries,GBP,2023,10,1499.5500000000002
 Groceries,GBP,2023,9,3035.2
 Groceries,GBP,2023,8,1562.9
 Groceries,GBP,2023,7,3062.3900000000003
 Groceries,GBP,2023,6,-2597.23
 Groceries,GBP,2023,5,2489.7000000000003
 Groceries,GBP,2023,4,-2881.75
 Groceries,GBP,2023,3,-808.4099999999999
 Groceries,GBP,2023,2,1161.3
 Groceries,GBP,2023,1,-890.47
 Groceries,GBP,2022,12,-4072.1899999999996
 Groceries,GBP,2022,11,-750.1899999999999
 Groceries,GBP,2022,10,1865.4899999999998
 Groceries,GBP,2022,9,-503.98000000000013
 Groceries,GBP,2022,8,2195.11
 Groceries,GBP,2022,7,-1863.17
 Groceries,GBP,2022,6,-947.3300000000002
 Groceries,GBP,2022,5,25.139999999999986
 Groceries,GBP,2022,4,-288.75
 Groceries,GBP,2022,3,1928.09
 Groceries,GBP,2022,2,1803.2800000000002
 Groceries,GBP,2022,1,737.29
 Groceries,GBP,2021,12,50.1099999999999
 Groceries,GBP,2021,11,697.03
 Groceries,GBP,2021,10,3848.4800000000005
 Groceries,GBP,2021,9,-532.4600000000002
 Groceries,GBP,2021,8,-1608.68
 Groceries,GBP,2021,7,3795.95
 Groceries,GBP,2021,6,437.4300000000002
 Groceries,GBP,2021,5,-3520.21
 Groceries,GBP,2021,4,100.31999999999994
 Groceries,GBP,2021,3,-529.9299999999998
 Groceries,GBP,2021,2,405.64
 Groceries,GBP,2021,1,1866.01
 Groceries,GBP,2020,12,1152.4300000000003
 Groceries,GBP,2020,11,-849.79
 Groceries,GBP,2020,10,-1029.12
 Groceries,GBP,2020,9,-631.46
 Groceries,GBP,2020,8,4110.14
 Groceries,GBP,2020,7,2173.98
 Groceries,GBP,2020,6,724.04
 Groceries,GBP,2020,5,-1155.94
 Groceries,GBP,2020,4,-3321.87
 Groceries,GBP,2020,3,-34.009999999999934
 Groceries,GBP,2020,2,1566.1499999999996
 Groceries,GBP,2020,1,530.22
 Groceries,GBP,2019,12,627.6500000000005
 Groceries,GBP,2019,11,-133.6300000000001
 Groceries,GBP,2019,10,3347.28
 Groceries,GBP,2019,9,-1688.32
 Groceries,GBP,2019,8,2220.16
 Groceries,GBP,2019,7,-4122.469999999999
 Groceries,GBP,2019,6,1396.28
 Groceries,GBP,2019,5,1560.02
 Groceries,GBP,2019,4,29.099999999999945
 Groceries,GBP,2019,3,-256.5200000000001
 Groceries,GBP,2019,2,-2295.45
 Groceries,GBP,2019,1,2447.32
 Groceries,USD,2023,11,-249.77
 Groceries,USD,2023,10,269.98
 Groceries,USD,2023,9,1038.03
 Groceries,USD,2023,8,-1628.0
 Groceries,USD,2023,7,1759.0300000000002
 Groceries,USD,2023,6,1399.83
 Groceries,USD,2023,5,2358.3900000000003
 Groceries,USD,2023,4,-680.2399999999998
 Groceries,USD,2023,3,-1092.14
 Groceries,USD,2023,1,648.9899999999999
 Groceries,USD,2022,12,3824.21
 Groceries,USD,2022,11,-1457.81
 Groceries,USD,2022,10,-80.72
 Groceries,USD,2022,9,-326.72
 Groceries,USD,2022,8,-4421.25
 Groceries,USD,2022,7,359.3899999999999
 Groceries,USD,2022,6,1781.96
 Groceries,USD,2022,5,5037.14
 Groceries,USD,2022,4,-112.74000000000001
 Groceries,USD,2022,3,-1587.03
 Groceries,USD,2022,2,-626.43
 Groceries,USD,2022,1,399.66999999999985
 Groceries,USD,2021,12,-222.85
 Groceries,USD,2021,9,1350.48
 Groceries,USD,2021,8,151.55000000000018
 Groceries,USD,2021,7,1048.71
 Groceries,USD,2021,6,307.46
 Groceries,USD,2021,5,1423.38
 Groceries,USD,2021,4,-2246.68
 Groceries,USD,2021,3,5304.6900000000005
 Groceries,USD,2021,1,624.9299999999998
 Groceries,USD,2020,12,513.8900000000001
 Groceries,USD,2020,11,2521.7500000000005
 Groceries,USD,2020,10,-122.7800000000002
 Groceries,USD,2020,9,307.45000000000005
 Groceries,USD,2020,8,-975.9799999999998
 Groceries,USD,2020,7,-384.72
 Groceries,USD,2020,6,-2227.94
 Groceries,USD,2020,5,1356.57
 Groceries,USD,2020,4,-307.46999999999997
 Groceries,USD,2020,3,4696.07
 Groceries,USD,2020,2,-855.4599999999999
 Groceries,USD,2020,1,2200.88
 Groceries,USD,2019,12,-1590.0900000000001
 Groceries,USD,2019,11,659.73
 Groceries,USD,2019,10,-1269.33
 Groceries,USD,2019,9,102.14999999999998
 Groceries,USD,2019,8,468.34
 Groceries,USD,2019,7,-521.72
 Groceries,USD,2019,5,-813.33
 Groceries,USD,2019,4,-1225.2
 Groceries,USD,2019,3,-2236.8900000000003
 Groceries,USD,2019,2,171.30999999999997
 Groceries,USD,2019,1,-306.55
 Health & Beauty,EUR,2023,11,-1639.7
 Health & Beauty,EUR,2023,10,-1694.32
 Health & Beauty,EUR,2023,9,-1048.4
 Health & Beauty,EUR,2023,8,-2348.67
 Health & Beauty,EUR,2023,7,278.94999999999993
 Health & Beauty,EUR,2023,6,1013.9599999999999
 Health & Beauty,EUR,2023,5,522.8100000000001
 Health & Beauty,EUR,2023,4,428.69
 Health & Beauty,EUR,2023,3,-1664.69
 Health & Beauty,EUR,2023,2,-1679.42
 Health & Beauty,EUR,2023,1,-2343.29
 Health & Beauty,EUR,2022,11,1045.24
 Health & Beauty,EUR,2022,10,1285.32
 Health & Beauty,EUR,2022,9,-3424.64
 Health & Beauty,EUR,2022,8,-441.27
 Health & Beauty,EUR,2022,7,-2198.5699999999997
 Health & Beauty,EUR,2022,6,-1600.8500000000001
 Health & Beauty,EUR,2022,5,3872.0
 Health & Beauty,EUR,2022,4,-965.9100000000001
 Health & Beauty,EUR,2022,3,358.27
 Health & Beauty,EUR,2022,2,-1112.52
 Health & Beauty,EUR,2022,1,1535.12
 Health & Beauty,EUR,2021,12,3112.7000000000003
 Health & Beauty,EUR,2021,9,-950.28
 Health & Beauty,EUR,2021,8,-504.24999999999994
 Health & Beauty,EUR,2021,7,-262.89
 Health & Beauty,EUR,2021,6,-89.23000000000002
 Health & Beauty,EUR,2021,5,-847.01
 Health & Beauty,EUR,2021,4,-1967.0100000000002
 Health & Beauty,EUR,2021,3,-2605.48
 Health & Beauty,EUR,2021,2,828.1199999999999
 Health & Beauty,EUR,2021,1,2750.06
 Health & Beauty,EUR,2020,12,-615.81
 Health & Beauty,EUR,2020,10,-43.81999999999999
 Health & Beauty,EUR,2020,9,-967.75
 Health & Beauty,EUR,2020,7,67.78
 Health & Beauty,EUR,2020,6,-1834.45
 Health & Beauty,EUR,2020,4,-434.84000000000003
 Health & Beauty,EUR,2020,3,974.39
 Health & Beauty,EUR,2020,2,-2243.24
 Health & Beauty,EUR,2020,1,-758.9599999999999
 Health & Beauty,EUR,2019,12,153.3
 Health & Beauty,EUR,2019,11,-1322.36
 Health & Beauty,EUR,2019,10,-1047.08
 Health & Beauty,EUR,2019,9,2343.55
 Health & Beauty,EUR,2019,8,-1181.51
 Health & Beauty,EUR,2019,7,505.72
 Health & Beauty,EUR,2019,6,98.21000000000004
 Health & Beauty,EUR,2019,5,572.4
 Health & Beauty,EUR,2019,4,249.7799999999999
 Health & Beauty,EUR,2019,3,791.7099999999999
 Health & Beauty,EUR,2019,2,-575.95
 Health & Beauty,EUR,2019,1,412.37
 Health & Beauty,GBP,2023,11,-719.7100000000002
 Health & Beauty,GBP,2023,10,-1235.87
 Health & Beauty,GBP,2023,9,-826.31
 Health & Beauty,GBP,2023,8,2168.31
 Health & Beauty,GBP,2023,7,-1574.85
 Health & Beauty,GBP,2023,6,-729.25
 Health & Beauty,GBP,2023,5,-88.42000000000002
 Health & Beauty,GBP,2023,4,-2272.83
 Health & Beauty,GBP,2023,3,-1582.67
 Health & Beauty,GBP,2023,2,508.7499999999998
 Health & Beauty,GBP,2023,1,-560.5899999999999
 Health & Beauty,GBP,2022,12,-1463.75
 Health & Beauty,GBP,2022,11,845.08
 Health & Beauty,GBP,2022,10,1475.71
 Health & Beauty,GBP,2022,9,-1500.49
 Health & Beauty,GBP,2022,8,-670.02
 Health & Beauty,GBP,2022,7,3092.7
 Health & Beauty,GBP,2022,6,-3433.2500000000005
 Health & Beauty,GBP,2022,5,2578.0699999999997
 Health & Beauty,GBP,2022,4,451.98
 Health & Beauty,GBP,2022,3,-1310.1599999999999
 Health & Beauty,GBP,2022,2,-234.79000000000008
 Health & Beauty,GBP,2022,1,650.59
 Health & Beauty,GBP,2021,12,-657.4099999999996
 Health & Beauty,GBP,2021,11,1515.4999999999998
 Health & Beauty,GBP,2021,10,716.49
 Health & Beauty,GBP,2021,9,-256.21000000000004
 Health & Beauty,GBP,2021,8,-550.8899999999999
 Health & Beauty,GBP,2021,7,1083.71
 Health & Beauty,GBP,2021,6,-1301.7600000000002
 Health & Beauty,GBP,2021,5,2840.45
 Health & Beauty,GBP,2021,4,1587.25
 Health & Beauty,GBP,2021,3,-2405.8900000000003
 Health & Beauty,GBP,2021,1,-1560.71
 Health & Beauty,GBP,2020,12,-37.55000000000007
 Health & Beauty,GBP,2020,11,-1974.8500000000001
 Health & Beauty,GBP,2020,10,2775.46
 Health & Beauty,GBP,2020,9,-435.6700000000001
 Health & Beauty,GBP,2020,8,1483.12
 Health & Beauty,GBP,2020,7,-1072.51
 Health & Beauty,GBP,2020,6,-1145.71
 Health & Beauty,GBP,2020,5,1025.8899999999996
 Health & Beauty,GBP,2020,4,164.63
 Health & Beauty,GBP,2020,3,1223.37
 Health & Beauty,GBP,2020,2,468.5200000000002
 Health & Beauty,GBP,2020,1,-4188.42
 Health & Beauty,GBP,2019,12,-515.38
 Health & Beauty,GBP,2019,11,1555.26
 Health & Beauty,GBP,2019,10,1741.5699999999997
 Health & Beauty,GBP,2019,9,-1983.48
 Health & Beauty,GBP,2019,8,251.82999999999993
 Health & Beauty,GBP,2019,7,4296.33
 Health & Beauty,GBP,2019,6,222.72999999999985
 Health & Beauty,GBP,2019,5,207.84
 Health & Beauty,GBP,2019,4,-1426.11
 Health & Beauty,GBP,2019,3,-3511.71
 Health & Beauty,GBP,2019,2,-999.6399999999999
 Health & Beauty,GBP,2019,1,-1903.56
 Health & Beauty,USD,2023,11,1305.33
 Health & Beauty,USD,2023,10,737.39
 Health & Beauty,USD,2023,8,1174.28
 Health & Beauty,USD,2023,7,-54.58000000000004
 Health & Beauty,USD,2023,6,304.1
 Health & Beauty,USD,2023,5,2833.91
 Health & Beauty,USD,2023,4,-212.09000000000003
 Health & Beauty,USD,2023,3,790.83
 Health & Beauty,USD,2023,2,153.74000000000024
 Health & Beauty,USD,2022,11,-1593.41
 Health & Beauty,USD,2022,10,-439.28999999999996
 Health & Beauty,USD,2022,8,250.89
 Health & Beauty,USD,2022,6,1465.15
 Health & Beauty,USD,2022,5,153.39
 Health & Beauty,USD,2022,4,-2457.63
 Health & Beauty,USD,2022,3,-1669.4
 Health & Beauty,USD,2022,2,4520.71
 Health & Beauty,USD,2022,1,2103.71
 Health & Beauty,USD,2021,12,-1494.36
 Health & Beauty,USD,2021,11,-1265.86
 Health & Beauty,USD,2021,10,-128.98
 Health & Beauty,USD,2021,9,-170.38
 Health & Beauty,USD,2021,8,-449.40000000000003
 Health & Beauty,USD,2021,6,-2413.16
 Health & Beauty,USD,2021,5,234.89
 Health & Beauty,USD,2021,4,401.17
 Health & Beauty,USD,2021,3,-1079.2
 Health & Beauty,USD,2021,1,-1791.5900000000001
 Health & Beauty,USD,2020,12,-1210.52
 Health & Beauty,USD,2020,10,-1944.46
 Health & Beauty,USD,2020,9,346.0799999999999
 Health & Beauty,USD,2020,8,-387.45000000000005
 Health & Beauty,USD,2020,7,924.2800000000001
 Health & Beauty,USD,2020,6,-53.58000000000004
 Health & Beauty,USD,2020,4,-384.84000000000003
 Health & Beauty,USD,2020,3,3143.75
 Health & Beauty,USD,2020,2,-1244.64
 Health & Beauty,USD,2020,1,669.6
 Health & Beauty,USD,2019,12,-871.3500000000001
 Health & Beauty,USD,2019,10,-1322.51
 Health & Beauty,USD,2019,9,414.65
 Health & Beauty,USD,2019,8,658.4
 Health & Beauty,USD,2019,7,-2122.87
 Health & Beauty,USD,2019,6,-267.83000000000015
 Health & Beauty,USD,2019,5,642.4
 Health & Beauty,USD,2019,4,-297.8
 Health & Beauty,USD,2019,3,448.18
 Health & Beauty,USD,2019,1,-2286.29
 Home & Family,EUR,2023,10,-1929.9499999999998
 Home & Family,EUR,2023,9,-2311.68
 Home & Family,EUR,2023,8,-90.6
 Home & Family,EUR,2023,7,3178.8500000000004
 Home & Family,EUR,2023,5,3006.88
 Home & Family,EUR,2023,4,1031.48
 Home & Family,EUR,2023,3,1711.87
 Home & Family,EUR,2023,2,-2113.73
 Home & Family,EUR,2023,1,1147.13
 Home & Family,EUR,2022,12,-397.2099999999999
 Home & Family,EUR,2022,11,-2976.81
 Home & Family,EUR,2022,10,-62.5
 Home & Family,EUR,2022,9,-547.26
 Home & Family,EUR,2022,8,-25.31
 Home & Family,EUR,2022,7,1301.1100000000001
 Home & Family,EUR,2022,5,1113.72
 Home & Family,EUR,2022,4,-3607.5299999999997
 Home & Family,EUR,2022,3,2055.62
 Home & Family,EUR,2022,2,-2266.35
 Home & Family,EUR,2022,1,-1402.65
 Home & Family,EUR,2021,12,-3718.36
 Home & Family,EUR,2021,11,1461.42
 Home & Family,EUR,2021,10,356.4100000000001
 Home & Family,EUR,2021,9,-2690.85
 Home & Family,EUR,2021,7,-1312.96
 Home & Family,EUR,2021,6,-1393.48
 Home & Family,EUR,2021,5,-3186.5200000000004
 Home & Family,EUR,2021,4,1261.52
 Home & Family,EUR,2021,3,1215.6399999999999
 Home & Family,EUR,2021,2,1976.58
 Home & Family,EUR,2020,12,3307.3999999999996
 Home & Family,EUR,2020,11,-142.93999999999994
 Home & Family,EUR,2020,10,-2982.7400000000002
 Home & Family,EUR,2020,9,1236.63
 Home & Family,EUR,2020,8,-267.47
 Home & Family,EUR,2020,7,-887.14
 Home & Family,EUR,2020,6,-687.62
 Home & Family,EUR,2020,5,-2605.9399999999996
 Home & Family,EUR,2020,4,861.68
 Home & Family,EUR,2020,3,-589.0299999999999
 Home & Family,EUR,2020,2,1567.8200000000002
 Home & Family,EUR,2020,1,-1191.16
 Home & Family,EUR,2019,12,1100.13
 Home & Family,EUR,2019,11,568.31
 Home & Family,EUR,2019,10,3082.17
 Home & Family,EUR,2019,9,795.27
 Home & Family,EUR,2019,8,-1020.82
 Home & Family,EUR,2019,7,-175.01999999999998
 Home & Family,EUR,2019,6,-2450.13
 Home & Family,EUR,2019,5,-1905.9599999999998
 Home & Family,EUR,2019,3,-891.09
 Home & Family,EUR,2019,2,-186.17000000000004
 Home & Family,EUR,2019,1,-270.1600000000002
 Home & Family,GBP,2023,11,-3035.2900000000004
 Home & Family,GBP,2023,10,1119.22
 Home & Family,GBP,2023,9,-384.5
 Home & Family,GBP,2023,8,-1907.33
 Home & Family,GBP,2023,7,-2347.01
 Home & Family,GBP,2023,6,-200.44
 Home & Family,GBP,2023,5,-972.2
 Home & Family,GBP,2023,4,-1840.65
 Home & Family,GBP,2023,3,-2071.5399999999995
 Home & Family,GBP,2023,2,-2012.8700000000001
 Home & Family,GBP,2023,1,-434.90000000000003
 Home & Family,GBP,2022,12,-2664.82
 Home & Family,GBP,2022,11,-780.3
 Home & Family,GBP,2022,10,338.55999999999995
 Home & Family,GBP,2022,9,-1576.2
 Home & Family,GBP,2022,8,535.2500000000002
 Home & Family,GBP,2022,7,1664.01
 Home & Family,GBP,2022,6,3773.45
 Home & Family,GBP,2022,5,-2201.3399999999997
 Home & Family,GBP,2022,4,-1355.63
 Home & Family,GBP,2022,3,1475.8100000000002
 Home & Family,GBP,2022,2,677.23
 Home & Family,GBP,2022,1,1130.99
 Home & Family,GBP,2021,12,1748.8099999999995
 Home & Family,GBP,2021,11,-3131.76
 Home & Family,GBP,2021,10,753.0500000000001
 Home & Family,GBP,2021,9,-227.37
 Home & Family,GBP,2021,8,-1718.48
 Home & Family,GBP,2021,7,497.3299999999997
 Home & Family,GBP,2021,6,4053.08
 Home & Family,GBP,2021,5,663.0100000000004
 Home & Family,GBP,2021,4,569.03
 Home & Family,GBP,2021,3,-2037.0299999999997
 Home & Family,GBP,2021,2,1024.1200000000001
 Home & Family,GBP,2021,1,-2136.09
 Home & Family,GBP,2020,12,2253.3300000000004
 Home & Family,GBP,2020,11,-4770.13
 Home & Family,GBP,2020,10,2719.75
 Home & Family,GBP,2020,9,3388.6800000000003
 Home & Family,GBP,2020,8,997.88
 Home & Family,GBP,2020,7,-1348.6
 Home & Family,GBP,2020,6,183.61
 Home & Family,GBP,2020,5,662.21
 Home & Family,GBP,2020,4,3677.38
 Home & Family,GBP,2020,3,-301.87
 Home & Family,GBP,2020,2,-5023.240000000001
 Home & Family,GBP,2020,1,-1260.61
 Home & Family,GBP,2019,12,11.329999999999984
 Home & Family,GBP,2019,11,-1135.3400000000001
 Home & Family,GBP,2019,10,-1082.1800000000003
 Home & Family,GBP,2019,9,-1232.79
 Home & Family,GBP,2019,8,5800.13
 Home & Family,GBP,2019,7,-106.16999999999985
 Home & Family,GBP,2019,6,-2150.57
 Home & Family,GBP,2019,5,-2259.32
 Home & Family,GBP,2019,4,-921.9600000000002
 Home & Family,GBP,2019,3,-163.83000000000027
 Home & Family,GBP,2019,2,-1017.5700000000002
 Home & Family,GBP,2019,1,-1181.8300000000002
 Home & Family,USD,2023,11,-513.22
 Home & Family,USD,2023,10,94.86000000000001
 Home & Family,USD,2023,9,806.8800000000001
 Home & Family,USD,2023,8,-196.54
 Home & Family,USD,2023,7,772.43
 Home & Family,USD,2023,6,2206.88
 Home & Family,USD,2023,5,-583.94
 Home & Family,USD,2023,4,-1157.75
 Home & Family,USD,2023,3,2121.11
 Home & Family,USD,2023,2,5669.27
 Home & Family,USD,2023,1,-132.07
 Home & Family,USD,2022,12,-1185.9
 Home & Family,USD,2022,11,227.90999999999997
 Home & Family,USD,2022,10,-485.18
 Home & Family,USD,2022,9,2381.6800000000003
 Home & Family,USD,2022,8,3146.8999999999996
 Home & Family,USD,2022,7,-2829.21
 Home & Family,USD,2022,6,-82.47
 Home & Family,USD,2022,4,-801.6700000000001
 Home & Family,USD,2022,2,401.81
 Home & Family,USD,2022,1,669.69
 Home & Family,USD,2021,12,-602.34
 Home & Family,USD,2021,10,205.92999999999995
 Home & Family,USD,2021,9,74.18000000000004
 Home & Family,USD,2021,7,-1574.69
 Home & Family,USD,2021,6,83.29999999999995
 Home & Family,USD,2021,5,576.39
 Home & Family,USD,2021,4,-1667.17
 Home & Family,USD,2021,3,386.3900000000001
 Home & Family,USD,2021,2,-48.31000000000006
 Home & Family,USD,2020,12,4060.08
 Home & Family,USD,2020,11,-614.1299999999999
 Home & Family,USD,2020,10,1429.0700000000002
 Home & Family,USD,2020,9,688.4599999999999
 Home & Family,USD,2020,8,587.67
 Home & Family,USD,2020,7,-1403.36
 Home & Family,USD,2020,6,942.9300000000001
 Home & Family,USD,2020,5,2090.67
 Home & Family,USD,2020,4,-2037.0700000000002
 Home & Family,USD,2020,3,-734.55
 Home & Family,USD,2020,2,566.6
 Home & Family,USD,2020,1,-1566.4199999999998
 Home & Family,USD,2019,12,2055.76
 Home & Family,USD,2019,11,-975.68
 Home & Family,USD,2019,10,-1630.1
 Home & Family,USD,2019,8,1648.3200000000002
 Home & Family,USD,2019,7,-389.84
 Home & Family,USD,2019,6,933.17
 Home & Family,USD,2019,5,968.1500000000001
 Home & Family,USD,2019,3,2330.38
 Home & Family,USD,2019,2,-1080.39
 Home & Family,USD,2019,1,-1036.25
 Shopping,EUR,2023,11,1019.1000000000001
 Shopping,EUR,2023,9,-1747.3600000000004
 Shopping,EUR,2023,8,1313.75
 Shopping,EUR,2023,7,-154.63999999999996
 Shopping,EUR,2023,6,2530.2899999999995
 Shopping,EUR,2023,5,-2355.52
 Shopping,EUR,2023,4,-858.6099999999999
 Shopping,EUR,2023,3,-1240.28
 Shopping,EUR,2023,2,370.31999999999994
 Shopping,EUR,2023,1,-1172.85
 Shopping,EUR,2022,12,-725.72
 Shopping,EUR,2022,11,-141.56
 Shopping,EUR,2022,9,698.9300000000001
 Shopping,EUR,2022,8,2358.9200000000005
 Shopping,EUR,2022,7,404.5
 Shopping,EUR,2022,6,-6561.42
 Shopping,EUR,2022,5,1314.23
 Shopping,EUR,2022,4,-282.69
 Shopping,EUR,2022,3,-2728.0600000000004
 Shopping,EUR,2022,2,-2032.63
 Shopping,EUR,2022,1,177.49
 Shopping,EUR,2021,12,-360.11
 Shopping,EUR,2021,11,3893.6499999999996
 Shopping,EUR,2021,10,-313.0300000000001
 Shopping,EUR,2021,9,-1270.54
 Shopping,EUR,2021,8,-151.95
 Shopping,EUR,2021,7,1386.0300000000002
 Shopping,EUR,2021,6,-1534.12
 Shopping,EUR,2021,5,-546.85
 Shopping,EUR,2021,4,3128.7599999999998
 Shopping,EUR,2021,3,-367.2700000000001
 Shopping,EUR,2021,2,4385.97
 Shopping,EUR,2021,1,-2552.68
 Shopping,EUR,2020,12,-904.39
 Shopping,EUR,2020,11,78.11000000000013
 Shopping,EUR,2020,10,-4219.049999999999
 Shopping,EUR,2020,9,1000.4
 Shopping,EUR,2020,8,79.34999999999997
 Shopping,EUR,2020,7,-646.5699999999999
 Shopping,EUR,2020,6,420.86
 Shopping,EUR,2020,5,-1493.43
 Shopping,EUR,2020,4,-298.26999999999975
 Shopping,EUR,2020,3,1217.04
 Shopping,EUR,2020,2,-1370.4499999999998
 Shopping,EUR,2020,1,-3544.05
 Shopping,EUR,2019,12,-141.23
 Shopping,EUR,2019,11,-638.76
 Shopping,EUR,2019,10,2147.53
 Shopping,EUR,2019,9,-2284.6000000000004
 Shopping,EUR,2019,8,784.15
 Shopping,EUR,2019,7,-234.55
 Shopping,EUR,2019,6,-914.6099999999999
 Shopping,EUR,2019,5,1349.63
 Shopping,EUR,2019,4,-219.31999999999994
 Shopping,EUR,2019,3,1891.85
 Shopping,EUR,2019,2,-1272.3
 Shopping,EUR,2019,1,797.3600000000001
 Shopping,GBP,2023,11,-3929.7200000000003
 Shopping,GBP,2023,10,-4643.139999999999
 Shopping,GBP,2023,9,626.64
 Shopping,GBP,2023,8,-1378.0500000000002
 Shopping,GBP,2023,7,5762.59
 Shopping,GBP,2023,6,572.73
 Shopping,GBP,2023,5,-1701.3000000000002
 Shopping,GBP,2023,4,-851.67
 Shopping,GBP,2023,3,-3267.11
 Shopping,GBP,2023,2,-1733.21
 Shopping,GBP,2023,1,1630.4499999999998
 Shopping,GBP,2022,12,7645.019999999999
 Shopping,GBP,2022,11,-2632.1000000000004
 Shopping,GBP,2022,10,663.21
 Shopping,GBP,2022,9,-513.13
 Shopping,GBP,2022,8,1299.2
 Shopping,GBP,2022,7,-1181.5300000000002
 Shopping,GBP,2022,6,-1928.94
 Shopping,GBP,2022,5,-1693.5199999999998
 Shopping,GBP,2022,4,991.71
 Shopping,GBP,2022,3,3323.56
 Shopping,GBP,2022,2,-2400.74
 Shopping,GBP,2022,1,1141.05
 Shopping,GBP,2021,12,-869.2
 Shopping,GBP,2021,11,5713.389999999999
 Shopping,GBP,2021,10,15.389999999999873
 Shopping,GBP,2021,9,-820.9799999999998
 Shopping,GBP,2021,8,-1056.9299999999998
 Shopping,GBP,2021,7,-4073.3300000000004
 Shopping,GBP,2021,6,-1154.3000000000002
 Shopping,GBP,2021,5,-3459.53
 Shopping,GBP,2021,4,4236.280000000001
 Shopping,GBP,2021,3,2446.29
 Shopping,GBP,2021,2,806.74
 Shopping,GBP,2021,1,1361.2400000000002
 Shopping,GBP,2020,12,-236.89000000000004
 Shopping,GBP,2020,11,-1571.7999999999997
 Shopping,GBP,2020,10,546.41
 Shopping,GBP,2020,9,-2173.6000000000004
 Shopping,GBP,2020,8,-1087.0200000000002
 Shopping,GBP,2020,7,-482.0799999999999
 Shopping,GBP,2020,6,895.18
 Shopping,GBP,2020,5,-1718.17
 Shopping,GBP,2020,4,716.8299999999999
 Shopping,GBP,2020,3,1310.43
 Shopping,GBP,2020,2,1228.2299999999998
 Shopping,GBP,2020,1,2293.52
 Shopping,GBP,2019,12,3041.44
 Shopping,GBP,2019,11,-1091.17
 Shopping,GBP,2019,10,-1910.2199999999996
 Shopping,GBP,2019,9,-1754.08
 Shopping,GBP,2019,8,-3418.6000000000004
 Shopping,GBP,2019,7,3879.2200000000003
 Shopping,GBP,2019,6,281.55999999999995
 Shopping,GBP,2019,5,-636.52
 Shopping,GBP,2019,4,4912.589999999999
 Shopping,GBP,2019,3,-331.6100000000001
 Shopping,GBP,2019,2,-1325.57
 Shopping,GBP,2019,1,-2374.3899999999994
 Shopping,USD,2023,11,5.680000000000064
 Shopping,USD,2023,10,2566.7699999999995
 Shopping,USD,2023,9,755.5799999999999
 Shopping,USD,2023,8,1954.07
 Shopping,USD,2023,6,-1180.72
 Shopping,USD,2023,5,1656.3300000000002
 Shopping,USD,2023,4,-2435.9
 Shopping,USD,2023,3,1276.88
 Shopping,USD,2023,2,-617.5400000000001
 Shopping,USD,2023,1,-1355.3600000000001
 Shopping,USD,2022,12,-4212.45
 Shopping,USD,2022,11,661.25
 Shopping,USD,2022,10,616.33
 Shopping,USD,2022,9,-105.8
 Shopping,USD,2022,8,-494.3
 Shopping,USD,2022,7,-1042.31
 Shopping,USD,2022,6,1262.52
 Shopping,USD,2022,5,-2808.6000000000004
 Shopping,USD,2022,4,-578.23
 Shopping,USD,2022,2,764.98
 Shopping,USD,2022,1,-427.65999999999997
 Shopping,USD,2021,12,1749.9
 Shopping,USD,2021,11,-531.9000000000001
 Shopping,USD,2021,10,789.02
 Shopping,USD,2021,9,-1511.1399999999999
 Shopping,USD,2021,8,1606.87
 Shopping,USD,2021,7,1243.3200000000002
 Shopping,USD,2021,6,732.2900000000001
 Shopping,USD,2021,5,-2991.7200000000003
 Shopping,USD,2021,4,115.6500000000002
 Shopping,USD,2021,3,-169.2199999999998
 Shopping,USD,2021,2,-885.94
 Shopping,USD,2021,1,157.56999999999994
 Shopping,USD,2020,11,1145.79
 Shopping,USD,2020,10,2181.1200000000003
 Shopping,USD,2020,9,317.41
 Shopping,USD,2020,8,659.1500000000001
 Shopping,USD,2020,7,2327.64
 Shopping,USD,2020,6,33.8
 Shopping,USD,2020,5,-1002.39
 Shopping,USD,2020,4,13.139999999999986
 Shopping,USD,2020,3,502.33
 Shopping,USD,2020,2,191.11
 Shopping,USD,2020,1,-570.16
 Shopping,USD,2019,12,-1535.82
 Shopping,USD,2019,10,-534.76
 Shopping,USD,2019,9,861.57
 Shopping,USD,2019,8,1497.51
 Shopping,USD,2019,6,1807.55
 Shopping,USD,2019,5,-907.7600000000002
 Shopping,USD,2019,4,-2800.38
 Shopping,USD,2019,3,400.23
 Shopping,USD,2019,2,4225.99
 Shopping,USD,2019,1,1211.21
 Transport,EUR,2023,11,1356.5499999999997
 Transport,EUR,2023,10,4538.360000000001
 Transport,EUR,2023,9,-1225.51
 Transport,EUR,2023,8,2162.08
 Transport,EUR,2023,7,253.37
 Transport,EUR,2023,6,260.6100000000001
 Transport,EUR,2023,5,172.99
 Transport,EUR,2023,4,-2617.96
 Transport,EUR,2023,3,1235.98
 Transport,EUR,2023,2,2032.92
 Transport,EUR,2023,1,-449.06000000000006
 Transport,EUR,2022,12,2482.7799999999997
 Transport,EUR,2022,11,-3773.4500000000003
 Transport,EUR,2022,10,-93.95999999999992
 Transport,EUR,2022,9,-3180.4500000000003
 Transport,EUR,2022,8,-1905.86
 Transport,EUR,2022,7,-582.14
 Transport,EUR,2022,6,-1425.83
 Transport,EUR,2022,5,-1917.82
 Transport,EUR,2022,4,494.78999999999985
 Transport,EUR,2022,3,580.49
 Transport,EUR,2022,2,-721.79
 Transport,EUR,2022,1,-3888.84
 Transport,EUR,2021,12,-1273.03
 Transport,EUR,2021,11,2806.52
 Transport,EUR,2021,10,-1406.65
 Transport,EUR,2021,9,115.53000000000003
 Transport,EUR,2021,8,-874.12
 Transport,EUR,2021,7,-1038.88
 Transport,EUR,2021,6,382.39999999999986
 Transport,EUR,2021,3,2270.25
 Transport,EUR,2021,2,-561.5900000000001
 Transport,EUR,2021,1,-629.7600000000001
 Transport,EUR,2020,12,-2557.62
 Transport,EUR,2020,11,2796.9900000000002
 Transport,EUR,2020,10,-1249.2500000000002
 Transport,EUR,2020,9,123.97000000000001
 Transport,EUR,2020,8,-4.759999999999991
 Transport,EUR,2020,7,2742.91
 Transport,EUR,2020,6,-1857.81
 Transport,EUR,2020,5,1044.53
 Transport,EUR,2020,4,-3615.8000000000006
 Transport,EUR,2020,3,-1939.5100000000002
 Transport,EUR,2020,2,-128.26999999999998
 Transport,EUR,2020,1,-1153.1799999999998
 Transport,EUR,2019,12,3653.06
 Transport,EUR,2019,11,640.7700000000001
 Transport,EUR,2019,10,347.31
 Transport,EUR,2019,9,1141.01
 Transport,EUR,2019,8,2696.69
 Transport,EUR,2019,7,-120.14999999999998
 Transport,EUR,2019,6,-1292.24
 Transport,EUR,2019,5,-2594.08
 Transport,EUR,2019,4,-631.51
 Transport,EUR,2019,3,2687.2000000000003
 Transport,EUR,2019,2,2036.09
 Transport,EUR,2019,1,-330.80999999999983
 Transport,GBP,2023,11,1920.0300000000002
 Transport,GBP,2023,10,183.62000000000015
 Transport,GBP,2023,9,611.4000000000001
 Transport,GBP,2023,8,692.72
 Transport,GBP,2023,7,8236.9
 Transport,GBP,2023,6,-2386.3599999999997
 Transport,GBP,2023,5,-3058.8199999999997
 Transport,GBP,2023,4,1129.1100000000001
 Transport,GBP,2023,3,2937.7500000000005
 Transport,GBP,2023,2,-1194.1
 Transport,GBP,2023,1,-1636.08
 Transport,GBP,2022,12,-3929.229999999999
 Transport,GBP,2022,11,70.67999999999995
 Transport,GBP,2022,10,-2567.39
 Transport,GBP,2022,9,-671.0099999999998
 Transport,GBP,2022,8,-4769.13
 Transport,GBP,2022,7,746.5799999999999
 Transport,GBP,2022,6,2647.86
 Transport,GBP,2022,5,1206.0200000000004
 Transport,GBP,2022,4,-615.6300000000002
 Transport,GBP,2022,3,1041.0300000000002
 Transport,GBP,2022,2,-1782.4199999999998
 Transport,GBP,2022,1,2318.6800000000003
 Transport,GBP,2021,12,517.75
 Transport,GBP,2021,11,-4600.12
 Transport,GBP,2021,10,-3801.5099999999998
 Transport,GBP,2021,9,-1506.55
 Transport,GBP,2021,8,3362.2699999999995
 Transport,GBP,2021,7,-1706.23
 Transport,GBP,2021,6,72.78999999999999
 Transport,GBP,2021,5,-3263.1399999999994
 Transport,GBP,2021,4,-4745.61
 Transport,GBP,2021,3,140.26999999999992
 Transport,GBP,2021,2,-1127.44
 Transport,GBP,2021,1,2016.0700000000002
 Transport,GBP,2020,12,-869.0999999999996
 Transport,GBP,2020,11,1886.38
 Transport,GBP,2020,10,726.1500000000001
 Transport,GBP,2020,9,3553.08
 Transport,GBP,2020,8,-174.26
 Transport,GBP,2020,7,646.23
 Transport,GBP,2020,6,177.44999999999993
 Transport,GBP,2020,5,1906.03
 Transport,GBP,2020,4,681.0400000000004
 Transport,GBP,2020,3,2743.8199999999997
 Transport,GBP,2020,2,-363.12
 Transport,GBP,2020,1,-1881.3200000000002
 Transport,GBP,2019,12,1158.42
 Transport,GBP,2019,11,908.2600000000001
 Transport,GBP,2019,10,2265.27
 Transport,GBP,2019,9,4380.640000000001
 Transport,GBP,2019,8,5990.469999999999
 Transport,GBP,2019,7,1163.81
 Transport,GBP,2019,6,1020.0299999999997
 Transport,GBP,2019,5,2420.14
 Transport,GBP,2019,4,-3526.32
 Transport,GBP,2019,3,2147.34
 Transport,GBP,2019,2,21.110000000000014
 Transport,GBP,2019,1,-4400.29
 Transport,USD,2023,11,1705.48
 Transport,USD,2023,10,-1584.3
 Transport,USD,2023,9,-454.03999999999996
 Transport,USD,2023,8,240.3599999999999
 Transport,USD,2023,7,-275.92999999999995
 Transport,USD,2023,6,-226.32999999999998
 Transport,USD,2023,5,-632.21
 Transport,USD,2023,4,-52.809999999999945
 Transport,USD,2023,3,-3516.9499999999994
 Transport,USD,2023,2,-582.02
 Transport,USD,2022,11,-1897.45
 Transport,USD,2022,10,2396.0
 Transport,USD,2022,9,-283.76
 Transport,USD,2022,8,3356.2599999999998
 Transport,USD,2022,7,-1711.28
 Transport,USD,2022,6,735.0
 Transport,USD,2022,5,1591.21
 Transport,USD,2022,4,46.51999999999998
 Transport,USD,2022,3,1376.0399999999995
 Transport,USD,2022,2,-460.04999999999984
 Transport,USD,2021,12,-309.28999999999996
 Transport,USD,2021,11,3588.4800000000005
 Transport,USD,2021,10,-1185.11
 Transport,USD,2021,9,-2869.2400000000002
 Transport,USD,2021,8,5565.34
 Transport,USD,2021,7,1681.7200000000003
 Transport,USD,2021,6,666.91
 Transport,USD,2021,3,-1816.1699999999998
 Transport,USD,2021,2,-2395.8900000000003
 Transport,USD,2021,1,-3613.6400000000003
 Transport,USD,2020,12,1418.8
 Transport,USD,2020,11,-403.35
 Transport,USD,2020,10,-628.21
 Transport,USD,2020,9,-3352.55
 Transport,USD,2020,8,2850.33
 Transport,USD,2020,7,-1870.8000000000002
 Transport,USD,2020,6,-1379.66
 Transport,USD,2020,5,-1292.4
 Transport,USD,2020,4,-299.7000000000001
 Transport,USD,2020,3,1604.79
 Transport,USD,2020,2,-1707.5900000000001
 Transport,USD,2020,1,2385.31
 Transport,USD,2019,10,611.9200000000001
 Transport,USD,2019,9,1175.4
 Transport,USD,2019,8,-1042.56
 Transport,USD,2019,7,-1953.72
 Transport,USD,2019,6,-1313.6599999999999
 Transport,USD,2019,5,1196.78
 Transport,USD,2019,4,-1905.8100000000002
 Transport,USD,2019,3,1055.98
 Transport,USD,2019,2,-3241.68
 Transport,USD,2019,1,2421.0
 Travel,EUR,2023,11,-1606.3600000000001
 Travel,EUR,2023,10,2483.5700000000006
 Travel,EUR,2023,9,-505.4000000000001
 Travel,EUR,2023,8,-640.07
 Travel,EUR,2023,7,1150.94
 Travel,EUR,2023,6,-2937.8
 Travel,EUR,2023,5,1099.1
 Travel,EUR,2023,4,106.97999999999979
 Travel,EUR,2023,3,-47.48
 Travel,EUR,2023,2,1253.28
 Travel,EUR,2023,1,1115.48
 Travel,EUR,2022,11,2091.2
 Travel,EUR,2022,10,195.6199999999999
 Travel,EUR,2022,9,918.69
 Travel,EUR,2022,8,-99.90000000000003
 Travel,EUR,2022,7,857.64
 Travel,EUR,2022,5,793.76
 Travel,EUR,2022,4,-1960.8
 Travel,EUR,2022,2,-3666.16
 Travel,EUR,2022,1,-782.3299999999999
 Travel,EUR,2021,12,-3075.46
 Travel,EUR,2021,11,3710.1400000000003
 Travel,EUR,2021,10,753.14
 Travel,EUR,2021,9,-231.49999999999983
 Travel,EUR,2021,8,-918.0899999999999
 Travel,EUR,2021,7,153.58999999999997
 Travel,EUR,2021,6,1926.33
 Travel,EUR,2021,5,-420.35000000000014
 Travel,EUR,2021,4,1331.09
 Travel,EUR,2021,3,2517.85
 Travel,EUR,2021,2,1792.74
 Travel,EUR,2021,1,-419.04
 Travel,EUR,2020,12,-541.8100000000001
 Travel,EUR,2020,11,1750.7600000000002
 Travel,EUR,2020,10,-103.38000000000011
 Travel,EUR,2020,9,295.09
 Travel,EUR,2020,8,1183.7500000000005
 Travel,EUR,2020,7,-1578.0900000000001
 Travel,EUR,2020,6,-3046.0300000000007
 Travel,EUR,2020,5,58.72999999999996
 Travel,EUR,2020,4,1258.97
 Travel,EUR,2020,3,2179.97
 Travel,EUR,2020,2,-111.60000000000002
 Travel,EUR,2020,1,2155.38
 Travel,EUR,2019,12,101.70000000000005
 Travel,EUR,2019,11,-724.62
 Travel,EUR,2019,9,-684.84
 Travel,EUR,2019,8,3862.08
 Travel,EUR,2019,7,1278.7
 Travel,EUR,2019,6,103.75000000000011
 Travel,EUR,2019,5,3609.35
 Travel,EUR,2019,4,-1005.77
 Travel,EUR,2019,3,1759.08
 Travel,EUR,2019,2,273.85999999999996
 Travel,EUR,2019,1,125.0
 Travel,GBP,2023,11,-2608.3500000000004
 Travel,GBP,2023,10,-762.0799999999999
 Travel,GBP,2023,9,-805.07
 Travel,GBP,2023,8,1712.4299999999998
 Travel,GBP,2023,7,494.3700000000001
 Travel,GBP,2023,6,-1294.79
 Travel,GBP,2023,5,-3119.669999999999
 Travel,GBP,2023,4,-70.4799999999999
 Travel,GBP,2023,3,-5062.36
 Travel,GBP,2023,2,2423.88
 Travel,GBP,2023,1,1782.38
 Travel,GBP,2022,12,-3089.0499999999997
 Travel,GBP,2022,11,2400.84
 Travel,GBP,2022,10,-3115.3599999999997
 Travel,GBP,2022,9,185.26999999999998
 Travel,GBP,2022,8,-2732.99
 Travel,GBP,2022,7,-2443.18
 Travel,GBP,2022,6,-2473.69
 Travel,GBP,2022,5,649.3500000000001
 Travel,GBP,2022,4,-3559.98
 Travel,GBP,2022,3,-31.799999999999955
 Travel,GBP,2022,2,-4659.96
 Travel,GBP,2022,1,771.49
 Travel,GBP,2021,12,1642.9499999999996
 Travel,GBP,2021,11,-849.7199999999999
 Travel,GBP,2021,10,-474.93999999999994
 Travel,GBP,2021,9,2013.13
 Travel,GBP,2021,8,-996.0799999999999
 Travel,GBP,2021,7,767.29
 Travel,GBP,2021,6,-3570.8599999999997
 Travel,GBP,2021,5,1465.0400000000002
 Travel,GBP,2021,4,2434.57
 Travel,GBP,2021,3,-605.9200000000001
 Travel,GBP,2021,2,2686.84
 Travel,GBP,2021,1,517.41
 Travel,GBP,2020,12,-675.8
 Travel,GBP,2020,11,336.7000000000003
 Travel,GBP,2020,10,-846.2799999999999
 Travel,GBP,2020,9,1523.1399999999999
 Travel,GBP,2020,8,735.53
 Travel,GBP,2020,7,2708.28
 Travel,GBP,2020,6,-617.01
 Travel,GBP,2020,5,4260.72
 Travel,GBP,2020,4,-5033.720000000001
 Travel,GBP,2020,3,-1470.0700000000002
 Travel,GBP,2020,2,609.6700000000001
 Travel,GBP,2020,1,-170.72000000000014
 Travel,GBP,2019,12,-3957.6000000000004
 Travel,GBP,2019,11,-761.6999999999999
 Travel,GBP,2019,10,19.77999999999995
 Travel,GBP,2019,9,1040.25
 Travel,GBP,2019,8,-2132.3599999999997
 Travel,GBP,2019,7,2856.39
 Travel,GBP,2019,6,-1237.7300000000002
 Travel,GBP,2019,5,1201.24
 Travel,GBP,2019,4,-9472.240000000002
 Travel,GBP,2019,3,-353.5300000000002
 Travel,GBP,2019,2,44.81000000000006
 Travel,GBP,2019,1,-1041.4500000000003
 Travel,USD,2023,11,1678.6399999999999
 Travel,USD,2023,10,2129.51
 Travel,USD,2023,9,897.55
 Travel,USD,2023,8,1771.6599999999999
 Travel,USD,2023,7,389.8299999999999
 Travel,USD,2023,6,-1567.4
 Travel,USD,2023,5,-2161.91
 Travel,USD,2023,4,287.20000000000005
 Travel,USD,2023,3,-519.72
 Travel,USD,2023,1,-499.94999999999993
 Travel,USD,2022,12,-805.68
 Travel,USD,2022,11,-1017.6199999999999
 Travel,USD,2022,10,366.94
 Travel,USD,2022,8,-1847.1499999999999
 Travel,USD,2022,6,-1200.8400000000001
 Travel,USD,2022,5,-2686.65
 Travel,USD,2022,4,-238.23000000000002
 Travel,USD,2022,3,189.86
 Travel,USD,2022,2,-2141.49
 Travel,USD,2022,1,542.5300000000001
 Travel,USD,2021,12,19.669999999999845
 Travel,USD,2021,11,575.4200000000001
 Travel,USD,2021,10,-123.5
 Travel,USD,2021,9,331.90000000000003
 Travel,USD,2021,8,-3495.37
 Travel,USD,2021,7,4236.69
 Travel,USD,2021,6,-1686.12
 Travel,USD,2021,5,680.93
 Travel,USD,2021,4,-1228.7
 Travel,USD,2021,3,-662.49
 Travel,USD,2021,2,1823.55
 Travel,USD,2021,1,-2923.4700000000003
 Travel,USD,2020,12,-966.06
 Travel,USD,2020,11,555.0499999999998
 Travel,USD,2020,10,-38.16999999999996
 Travel,USD,2020,9,-1784.77
 Travel,USD,2020,8,-3305.8900000000003
 Travel,USD,2020,7,-1920.9
 Travel,USD,2020,6,-2203.16
 Travel,USD,2020,5,1145.4199999999998
 Travel,USD,2020,4,1469.85
 Travel,USD,2020,3,-1041.58
 Travel,USD,2020,2,17.65999999999994
 Travel,USD,2020,1,-177.67
 Travel,USD,2019,12,-1589.6600000000003
 Travel,USD,2019,11,-2266.1099999999997
 Travel,USD,2019,10,156.5
 Travel,USD,2019,9,242.43
 Travel,USD,2019,8,-324.46000000000004
 Travel,USD,2019,7,184.58
 Travel,USD,2019,6,1046.83
 Travel,USD,2019,5,-2234.49
 Travel,USD,2019,4,1736.59
 Travel,USD,2019,3,-2061.1
 Travel,USD,2019,2,-972.28
 Travel,USD,2019,1,-1864.91
Custom Category,GBP,2022,9,339.39
Custom Category,GBP,2021,5,-542.59
Custom Category,GBP,2019,7,-962.8
Custom Category,GBP,2019,1,617.3
Custom Category,USD,2021,7,-774.17
Custom Category,USD,2021,3,1177.92
Custom Category,USD,2020,12,-319.37
Custom Category,USD,2020,4,2413.23
Custom Category,USD,2020,3,-208.9
Custom Category,USD,2019,1,-2061.0
